From Account, From Account Name,To Account, To Account Name ,Amount
929765,Welbie,881682,Faythe,518.0
539161,Addie,788139,Daphne,223.0
204185,Yoko,330589,Curtis,533.0
214234,Sigmund,882551,Dyanne,149.0
853038,Xenia,284293,Merlina,120.0
969551,Heath,616992,Alane,173.0
711587,Dirk,446960,Tamas,551.0
868061,Cori,504603,Lettie,607.0
634434,Jaquelin,420442,Norris,428.0
123586,Rafaelia,125979,Harlin,758.0
352366,Hedda,750588,Dasya,550.0
865584,Josefina,997335,Cecil,650.0
342306,Jens,362729,Cindee,68.0
545949,Alikee,577223,Gerri,311.0
675076,Ellissa,164203,Janifer,562.0
535825,Saxe,794119,Isabel,136.0
836914,Arty,751760,Angelika,800.0
206077,Fiorenze,864470,Lena,523.0
981462,Gail,231438,Britney,212.0
213417,Jsandye,927365,Toddie,337.0
443103,Aldwin,761914,Jasmine,264.0
708160,Faina,503061,Alix,497.0
932142,Nickola,749335,Fredric,448.0
638383,Georgiana,706860,Stillmann,397.0
802323,Charlie,774357,Lyndel,782.0
776147,Glenine,360739,Maryann,873.0
619895,Jervis,938556,Charlene,183.0
870419,Vite,294234,Alleen,28.0
408528,Yetty,139378,Charo,76.0
968235,Barclay,368004,Lenore,575.0
883659,Mariette,532523,Martie,110.0
695637,Denver,266095,Caressa,784.0
189701,Jana,807051,Fabe,362.0
626484,Frasquito,860102,Celestyna,446.0
558051,Kirby,247152,Ulrick,948.0
774644,Erda,747258,Rudyard,134.0
939430,Gail,120328,Niven,634.0
950935,Jsandye,723713,Jerrold,597.0
845790,Anstice,315468,Mallorie,570.0
991885,Alena,853194,Rosy,90.0
901839,Robenia,213636,Delmar,497.0
995198,Tillie,123980,Jaquelin,70.0
863317,Lindi,420743,Torrence,917.0
423253,Greg,696439,Catriona,97.0
150192,Lulu,443662,Dorothea,775.0
757474,Dasha,671121,Mayer,438.0
169162,Bobby,739097,Sande,399.0
199735,Lettie,396360,Evita,882.0
100627,Sharon,616336,Aldwin,188.0
673953,Mathilde,112873,Dorotea,435.0
553652,Arty,323245,Noell,335.0
700608,Eden,735800,Jimmy,966.0
915781,Wain,505475,Conny,205.0
443514,Lawrence,726105,Temp,663.0
182113,Maribel,312905,Irvin,848.0
122291,Nata,685284,Biddy,970.0
969542,Babbie,676789,Dorri,737.0
190615,Renaldo,732325,Layla,890.0
301440,Wanids,484274,Stillmann,554.0
583938,Liana,858660,Tatiania,481.0
311028,Flossie,910749,Kyle,136.0
842770,Reeba,679970,Pierette,42.0
631451,Keen,847831,Florance,927.0
467471,Temp,429983,Maryann,151.0
232599,Shir,555810,Dilan,136.0
106908,Michelle,320328,Luis,191.0
574518,Elbertina,489106,Jacquelyn,309.0
398700,Marrilee,751901,Danell,557.0
263351,Dorothea,668891,Rosmunda,661.0
710511,Reinald,102931,Shea,14.0
433641,Engelbert,782398,Portie,976.0
885838,Theresina,279748,Debi,851.0
196464,Britney,537877,Dev,901.0
530346,Loria,346086,Bibbye,910.0
930131,Sergeant,434908,Penrod,606.0
830264,Laughton,355082,Adair,293.0
201522,Yardley,955862,Roy,143.0
649107,Baillie,888402,Aguie,901.0
389284,Gearalt,577070,Marty,661.0
395384,Lydie,165766,Marlo,665.0
825517,Rock,796927,Georgiana,807.0
685420,Alison,704001,Inger,619.0
526737,Chev,180097,Netti,150.0
821659,Randolf,454206,Cori,789.0
290423,Thebault,546534,Vera,133.0
615867,Tymon,418967,Marcela,329.0
685280,Lorine,131503,Dorie,358.0
196747,Killie,723541,Elliot,290.0
861741,Alikee,738811,Inna,818.0
114718,Anthiathia,399570,Marlo,918.0
619046,Blakeley,333253,Alyss,358.0
511011,Maureen,744755,Ailbert,858.0
557722,Maris,181709,Verla,207.0
292167,Mateo,927378,Guthrey,56.0
374706,Conni,794275,Gav,760.0
557423,Lucky,187430,Arne,454.0
959319,Newton,639020,Almeda,350.0
607225,Edna,773701,Kendell,435.0
120720,Rivalee,531447,Iona,406.0
862773,Phil,531069,Olwen,746.0
